﻿<?xml version="1.0" encoding="utf-8" standalone="yes"?>
<HomeIO Name="SINHome" Year="2021" Month="12" Day="5" Hour="18" Minute="16" Second="7" Version="1.7.0">
  <Character>
    <Position X="11.70267" Y="6.275058" Z="7.7266" />
    <EulerXY X="1132.875" Y="0" />
  </Character>
  <H_LightSwitch_1 DeviceMode="External" />
  <F_BrightnessSensor DeviceMode="Wired" />
  <N_Light_2 Intensity="0" DeviceMode="Wired" />
  <L_LightSwitchDimmer_1 DeviceMode="Wired" />
  <N_RollerShades Open="False" Close="False" AnimationTime="0.008" CurrentSpeed="0" DeviceMode="Wired">
    <TextureScale X="1" Y="0.9968333" />
  </N_RollerShades>
  <I_LightSwitch_1 DeviceMode="Wired" />
  <L_MotionDetectorInterior DeviceMode="External" IsOn="False" ElapsedTime="0" />
  <E_LightSwitch_2 DeviceMode="Wired" />
  <L_LightSwitch_1 DeviceMode="Wired" />
  <H_DoorDetector_1 DeviceMode="Wired" />
  <SmokeManager IsOn="False">
    <Position X="23.07818" Y="5.548058" Z="8.620451" />
  </SmokeManager>
  <G_LightSwitch_1 DeviceMode="Wired" />
  <DomoticsManager>
    <SecurityIntrusionScheduleScenario Key="0" Name="" Enabled="False">
      <ArmingTimeStamp Days="0" Hours="12" Minutes="0" Seconds="0" />
    </SecurityIntrusionScheduleScenario>
  </DomoticsManager>
  <Wind Angle="175.4261" Velocity="20" />
  <A_LightSwitchDimmer_1 DeviceMode="Wired" />
  <A_Heater DeviceMode="External" />
  <G_Light Intensity="0" DeviceMode="Wired" />
  <F_Gate State="Stopped" Run="False" Reverse="True" AnimationTime="0" DeviceMode="External" />
  <H_MotionDetectorInterior DeviceMode="External" IsOn="False" ElapsedTime="0" />
  <A_InteriorMotionSensor DeviceMode="External" IsOn="False" ElapsedTime="0" />
  <K_Thermostat Eco="291.149993896484" Confort="293.149993896484" Mode="Off" DeviceMode="Wired" />
  <H_Heater DeviceMode="Wired" />
  <E_RollerShades Open="False" Close="False" AnimationTime="0.008" CurrentSpeed="0" DeviceMode="Wired">
    <TextureScale X="1" Y="0.9968333" />
  </E_RollerShades>
  <F_Light_1 Intensity="1" DeviceMode="Wired" />
  <A_Thermostat Eco="295.15" Confort="303.15" Mode="Eco" DeviceMode="External" />
  <F_UpDownSwitch_2 DeviceMode="Wired" />
  <F_LightSwitch_1 DeviceMode="Wired" />
  <L_Light Intensity="0" DeviceMode="Wired" />
  <N_DoorDetector_2 DeviceMode="Wired" />
  <H_Window_2 Opened="False">
    <Position1 X="0.3591884" Y="6.875309" Z="8.559825" />
    <Position2 X="0.2844233" Y="6.875309" Z="7.226955" />
    <HandleRotation X="-6.283542E-14" Y="0.7071068" Z="-6.380692E-14" W="0.7071068" />
  </H_Window_2>
  <C_Door>
    <Position X="18.54917" Y="6.497259" Z="11.79129" />
  </C_Door>
  <I_Light_1 Intensity="0" DeviceMode="Wired" />
  <M_BrightnessSensor DeviceMode="Wired" />
  <J_DoorDetector_1 DeviceMode="Wired" />
  <F_RollerShades Open="False" Close="False" AnimationTime="0" CurrentSpeed="0" DeviceMode="Wired">
    <TextureScale X="1" Y="1" />
  </F_RollerShades>
  <TimeLocationManager>
    <DateTime Year="2022" Month="2" Day="5" Hour="7" Minute="39" Second="9" />
    <Location Latitude="49.25861" Longitude="4.033056" />
    <DST Value="False" />
  </TimeLocationManager>
  <A_DoorDetector_2 DeviceMode="External" />
  <D_Heater DeviceMode="Wired" />
  <N_LightSwitchDimmer_1 DeviceMode="Wired" />
  <J_LightSwitch_2 DeviceMode="Wired" />
  <M_Light Intensity="0" DeviceMode="Wired" />
  <J_Thermostat Eco="291.149993896484" Confort="293.149993896484" Mode="Off" DeviceMode="Wired" />
  <N_LightSwitchDimmer_2 DeviceMode="Wired" />
  <I_Door_2>
    <Position X="3.04862" Y="6.497259" Z="10.63709" />
  </I_Door_2>
  <D_Thermostat Eco="291.149993896484" Confort="293.149993896484" Mode="Off" DeviceMode="Wired" />
  <A_RollerShades_4 Open="False" Close="False" AnimationTime="2.392" CurrentSpeed="0" DeviceMode="External">
    <TextureScale X="1" Y="0.05316661" />
  </A_RollerShades_4>
  <Remote DeviceMode="External" />
  <N_BrightnessSensor DeviceMode="Wired" />
  <E_LightSwitch_4 DeviceMode="Wired" />
  <E_DoorDetector_R DeviceMode="Wired" />
  <A_LightSwitchDimmer_2 DeviceMode="Wired" />
  <F_UpDownSwitch_1 DeviceMode="External" />
  <M_RollerShades Open="False" Close="False" AnimationTime="0" CurrentSpeed="0" DeviceMode="Wired">
    <TextureScale X="1" Y="1" />
  </M_RollerShades>
  <Door-ET-EXT Opened="False">
    <Position X="-4.351288" Y="5.905" Z="-1.7035" />
    <Rotation X="0" Y="1" Z="0" W="2.254952E-06" />
  </Door-ET-EXT>
  <D_DoorDetector DeviceMode="Wired" />
  <D_MotionDetectorInterior DeviceMode="External" IsOn="False" ElapsedTime="0" />
  <J_SmokeDetector DeviceMode="Wired" IsActive="False" ElapsedTime="0" />
  <J_Heater DeviceMode="Wired" />
  <J_UpDownSwitch DeviceMode="Wired" />
  <G2_Heater DeviceMode="Wired" />
  <E_LightSwitchDimmer_2 DeviceMode="External" />
  <H_RollerShades Open="False" Close="False" AnimationTime="0" CurrentSpeed="0" DeviceMode="Wired">
    <TextureScale X="1" Y="1" />
  </H_RollerShades>
  <D_Light_1 Intensity="0" DeviceMode="External" />
  <A_LightSwitchDimmer_3 DeviceMode="Wired" />
  <N_DoorDetector_1 DeviceMode="Wired" />
  <G_SmokeDetector DeviceMode="External" IsActive="False" ElapsedTime="0" />
  <E_LightSwitch_1 DeviceMode="Wired" />
  <N_SmokeDetector DeviceMode="Wired" IsActive="False" ElapsedTime="0" />
  <G_MotionDetectorInterior DeviceMode="External" IsOn="False" ElapsedTime="0" />
  <K_Light Intensity="0" DeviceMode="Wired" />
  <K_LightSwitchDimmer DeviceMode="Wired" />
  <A_Window_1 Opened="False">
    <Position1 X="26.4816" Y="6.875309" Z="7.56625" />
    <HandleRotation X="-9.624948E-13" Y="0.7071068" Z="9.851041E-13" W="-0.7071068" />
  </A_Window_1>
  <M_DoorDetector_1 DeviceMode="Wired" />
  <I_LightSwitchDimmer DeviceMode="Wired" />
  <F_LightSwitch_2 DeviceMode="Wired" />
  <D_Window Opened="False">
    <Position1 X="16.23617" Y="6.875309" Z="13.29265" />
    <HandleRotation X="-1.082419E-11" Y="1" Z="5.690444E-13" W="-4.371157E-08" />
  </D_Window>
  <A_LightSwitch_1 DeviceMode="External" />
  <C_LightSwitch DeviceMode="Wired" />
  <N_LightSwitch_2 DeviceMode="Wired" />
  <G_LightSwitch_5 DeviceMode="Wired" />
  <G_LightSwitch_4 DeviceMode="Wired" />
  <E_MotionDetectorExterior DeviceMode="Wired" IsOn="False" ElapsedTime="0" />
  <A_RollerShades_3 Open="False" Close="False" AnimationTime="2.392" CurrentSpeed="0" DeviceMode="External">
    <TextureScale X="1" Y="0.05316661" />
  </A_RollerShades_3>
  <L_Window_2 Opened="False">
    <Position1 X="0.3591884" Y="6.875309" Z="18.51463" />
    <Position2 X="0.2844233" Y="6.875309" Z="17.18175" />
    <HandleRotation X="-1.956042E-12" Y="0.7071068" Z="-1.982066E-12" W="0.7071068" />
  </L_Window_2>
  <L_Thermostat Eco="291.149993896484" Confort="293.149993896484" Mode="Off" DeviceMode="Wired" />
  <E_Door Opened="True">
    <Position X="11.04809" Y="6.505482" Z="6.516587" />
    <Rotation X="0" Y="0.9845644" Z="0" W="0.1750233" />
  </E_Door>
  <O_LightPorch_2 Intensity="0" DeviceMode="Wired" />
  <N_Light_3 Intensity="0" DeviceMode="Wired" />
  <A_RollerShades_1 Open="False" Close="False" AnimationTime="2.392" CurrentSpeed="0" DeviceMode="External">
    <TextureScale X="1" Y="0.05316661" />
  </A_RollerShades_1>
  <B_Door_1>
    <Position X="19.13541" Y="6.497259" Z="8.371794" />
  </B_Door_1>
  <E_BrightnessSensor DeviceMode="Wired" />
  <B_LightSwitch_2 DeviceMode="Wired" />
  <N_Light_1 Intensity="0" DeviceMode="External" />
  <H_Thermostat Eco="291.149993896484" Confort="293.149993896484" Mode="Off" DeviceMode="Wired" />
  <L_RollerShades Open="False" Close="False" AnimationTime="0.008" CurrentSpeed="0" DeviceMode="Wired">
    <TextureScale X="1" Y="0.9968333" />
  </L_RollerShades>
  <M_Thermostat Eco="291.149993896484" Confort="293.149993896484" Mode="Off" DeviceMode="Wired" />
  <H_SmokeDetector DeviceMode="Wired" IsActive="False" ElapsedTime="0" />
  <H_BrightnessSensor DeviceMode="Wired" />
  <H_UpDownSwitch DeviceMode="Wired" />
  <I_Thermostat Eco="291.149993896484" Confort="293.149993896484" Mode="Off" DeviceMode="Wired" />
  <A_Window_3 Opened="False">
    <Position1 X="24.95441" Y="6.875309" Z="13.28979" />
    <HandleRotation X="-6.009201E-12" Y="1" Z="-7.682842E-14" W="-1.629207E-07" />
  </A_Window_3>
  <K_InteriorMotionSensor DeviceMode="External" IsOn="False" ElapsedTime="0" />
  <J_MotionDetectorInterior DeviceMode="External" IsOn="False" ElapsedTime="0" />
  <M_UpDownSwitch DeviceMode="Wired" />
  <O_LightEntrance Intensity="0" DeviceMode="Wired" />
  <N_Heater DeviceMode="Wired" />
  <E_LightSwitch_3 DeviceMode="Wired" />
  <B_Light_2 Intensity="0" DeviceMode="Wired" />
  <O_Siren On="False" DeviceMode="External" />
  <E_Heater DeviceMode="Wired" />
  <N_LightSwitchDimmer_3 DeviceMode="Wired" />
  <K_Heater DeviceMode="Wired" />
  <G_LightSwitch_2 DeviceMode="Wired" />
  <N_Window_1 Opened="False">
    <Position1 X="10.52614" Y="9.75" Z="0.4377136" />
    <Position2 X="11.58527" Y="9.75" Z="0.3629494" />
    <HandleRotation X="-5.888622E-13" Y="-3.383961E-13" Z="-2.955165E-08" W="1" />
  </N_Window_1>
  <G_UpDownSwitch DeviceMode="External" />
  <I_Light_2 Intensity="0" DeviceMode="Wired" />
  <A_LightSwitch_3 DeviceMode="Wired" />
  <D_Light_2 Intensity="0" DeviceMode="Wired" />
  <E_Siren On="False" DeviceMode="External" />
  <A_SmokeDetector DeviceMode="External" IsActive="False" ElapsedTime="0" />
  <B_LightSwitch_1 DeviceMode="Wired" />
  <H_DoorDetector_2 DeviceMode="Wired" />
  <G1_Heater DeviceMode="Wired" />
  <K_Window Opened="True">
    <Position X="3.00485" Y="6.2095" Z="15.37279" />
    <Rotation X="3.968378E-11" Y="3.409377E-12" Z="-0.0001200968" W="1" />
    <HandleRotation X="-0.5" Y="0.5" Z="0.5" W="-0.5" />
  </K_Window>
  <J_LightSwitch_1 DeviceMode="Wired" />
  <A_LightSwitch_2 DeviceMode="External" />
  <J_Window_2 Opened="False">
    <Position1 X="0.3598434" Y="6.875309" Z="13.54159" />
    <Position2 X="0.2843516" Y="6.875309" Z="12.18869" />
    <HandleRotation X="-1.192013E-14" Y="0.7071068" Z="-2.004536E-14" W="0.7071068" />
  </J_Window_2>
  <A_DoorDetector_1 DeviceMode="External" />
  <O_LightGarden Intensity="0" DeviceMode="Wired" />
  <M_DoorDetector_2 DeviceMode="Wired" />
  <J_LightSwitchDimmer_1 DeviceMode="Wired" />
  <H_Door Opened="True">
    <Position X="5.351182" Y="6.496245" Z="8.899697" />
    <Rotation X="0" Y="-0.706987" Z="0" W="0.7072266" />
  </H_Door>
  <B_InteriorMotionSensor DeviceMode="Wired" IsOn="False" ElapsedTime="0" />
  <J_RollerShades Open="False" Close="False" AnimationTime="0" CurrentSpeed="0" DeviceMode="Wired">
    <TextureScale X="1" Y="1" />
  </J_RollerShades>
  <L_LightSwitchDimmer_2 DeviceMode="Wired" />
  <L_Heater DeviceMode="Wired" />
  <E_UpDownSwitch DeviceMode="Wired" />
  <J_Door Opened="False">
    <Position X="4.946204" Y="6.496246" Z="11.40511" />
    <Rotation X="0" Y="0" Z="0" W="1" />
  </J_Door>
  <M_Window_2 Opened="False">
    <Position1 X="6.705523" Y="6.875309" Z="19.3193" />
    <Position2 X="5.869395" Y="6.875309" Z="19.39406" />
    <HandleRotation X="7.793962E-09" Y="1" Z="-8.480752E-14" W="-1.629149E-07" />
  </M_Window_2>
  <D_UpDownSwitch DeviceMode="Wired" />
  <L_LightSwitch_2 DeviceMode="Wired" />
  <M_Door Opened="False">
    <Position X="6.554195" Y="6.496245" Z="16.40608" />
    <Rotation X="0" Y="0" Z="0" W="1" />
  </M_Door>
  <N_LightSwitch_1 DeviceMode="Wired" />
  <O_LightPorch_1 Intensity="0" DeviceMode="Wired" />
  <L_DoorDetector_1 DeviceMode="Wired" />
  <H_LightSwitch_2 DeviceMode="External" />
  <Foundation DeviceMode="Wired" />
  <E_LightSwitchDimmer_1 DeviceMode="Wired" />
  <O_LightPool Intensity="0" DeviceMode="Wired" />
  <N_LightSwitch_3 DeviceMode="Wired" />
  <A_Light Intensity="1" DeviceMode="External" />
  <A_RollerShades_2 Open="False" Close="False" AnimationTime="2.392" CurrentSpeed="0" DeviceMode="External">
    <TextureScale X="1" Y="0.05316661" />
  </A_RollerShades_2>
  <H_Light Intensity="0" DeviceMode="External" />
  <B_Door_2>
    <Position X="19.13541" Y="6.497259" Z="9.366792" />
  </B_Door_2>
  <J_DoorDetector_2 DeviceMode="Wired" />
  <G_Thermostat Eco="291.149993896484" Confort="293.149993896484" Mode="Off" DeviceMode="Wired" />
  <M_Heater DeviceMode="Wired" />
  <A_UpDownSwitch_2 DeviceMode="External" />
  <L_DoorDetector_2 DeviceMode="Wired" />
  <L_UpDownSwitch DeviceMode="Wired" />
  <D_BrightnessSensor DeviceMode="Wired" />
  <K_Door>
    <Position X="1.798442" Y="6.497259" Z="16.36354" />
  </K_Door>
  <O_BrightnessSensor DeviceMode="Wired" />
  <E_Thermostat Eco="291.149993896484" Confort="293.149993896484" Mode="Off" DeviceMode="Wired" />
  <E_LightSwitch_5 DeviceMode="Wired" />
  <N_UpDownSwitch DeviceMode="Wired" />
  <J_Light Intensity="0" DeviceMode="Wired" />
  <A_BrightnessSensor DeviceMode="External" />
  <I_Door_1>
    <Position X="4.302496" Y="6.497259" Z="10.23751" />
  </I_Door_1>
  <B_Light_1 Intensity="0" DeviceMode="Wired" />
  <I_Heater DeviceMode="Wired" />
  <G_LightSwitch_3 DeviceMode="Wired" />
  <L_Door Opened="True">
    <Position X="4.975886" Y="6.496245" Z="16.84517" />
    <Rotation X="0" Y="0.7659867" Z="0" W="0.6428565" />
  </L_Door>
  <O_Gate State="Stopped" Run="False" Reverse="True" AnimationTime="0" DeviceMode="External" />
  <F_Door Opened="True">
    <Position X="8.563359" Y="6.505482" Z="6.518534" />
    <Rotation X="0" Y="-0.9847682" Z="0" W="0.1738728" />
  </F_Door>
  <D_LightSwitchDimmer_1 DeviceMode="Wired" />
  <N_MotionDetectorInterior DeviceMode="External" IsOn="False" ElapsedTime="0" />
  <E_Light Intensity="0" DeviceMode="Wired" />
  <N_Thermostat Eco="291.149993896484" Confort="293.149993896484" Mode="Off" DeviceMode="Wired" />
  <M_MotionDetectorInterior DeviceMode="Wired" IsOn="False" ElapsedTime="0" />
  <F_MotionDetectorInterior DeviceMode="External" IsOn="False" ElapsedTime="0" />
  <C_Light Intensity="0" DeviceMode="Wired" />
  <L_SmokeDetector DeviceMode="Wired" IsActive="False" ElapsedTime="0" />
  <A_UpDownSwitch_1 DeviceMode="External" />
  <E_MotionDetectorInterior DeviceMode="External" IsOn="False" ElapsedTime="0" />
  <G_RollerShades Open="False" Close="False" AnimationTime="0.008" CurrentSpeed="0" DeviceMode="External">
    <TextureScale X="1" Y="0.9968333" />
  </G_RollerShades>
  <E_DoorDetector_L DeviceMode="Wired" />
  <Sky Cloudiness="0.01" />
  <H_LightSwitchDimmer_1 DeviceMode="Wired" />
  <D_RollerShades Open="False" Close="False" AnimationTime="0" CurrentSpeed="0" DeviceMode="Wired">
    <TextureScale X="1" Y="1" />
  </D_RollerShades>
  <L_BrightnessSensor DeviceMode="Wired" />
  <I_InteriorMotionSensor DeviceMode="External" IsOn="False" ElapsedTime="0" />
  <D_LightSwitchDimmer_2 DeviceMode="Wired" />
  <F_Light_2 Intensity="1" DeviceMode="Wired" />
  <E_AlarmKeyPad State="Disarmed" DeviceMode="External" />
  <M_LightSwitch DeviceMode="Wired" />
  <J_BrightnessSensor DeviceMode="Wired" />
  <Statistics CurrentHourEnergyConsumption="1603021" CurrentDayEnergyConsumption="2.595072E+07" CurrentWeekEnergyConsumption="5.047715E+08" CurrentMonthEnergyConsumption="3.184755E+08" LastHourEnergyConsumption="2684074" LastDayEnergyConsumption="5.61041E+07" LastWeekEnergyConsumption="6.646452E+08" LastMonthEnergyConsumption="2.811574E+09">
    <Last24Hours>
      <Hour Index="0" Value="0.1891179" />
      <Hour Index="1" Value="0.1890895" />
      <Hour Index="2" Value="1.403841" />
      <Hour Index="3" Value="1.491637" />
      <Hour Index="4" Value="0.891685" />
      <Hour Index="5" Value="0.7862524" />
      <Hour Index="6" Value="1.254963" />
      <Hour Index="7" Value="0.7455762" />
      <Hour Index="8" Value="0.7032498" />
      <Hour Index="9" Value="0.6503121" />
      <Hour Index="10" Value="0.6959003" />
      <Hour Index="11" Value="0.518223" />
      <Hour Index="12" Value="0.1892138" />
      <Hour Index="13" Value="0.6546239" />
      <Hour Index="14" Value="0.5607063" />
      <Hour Index="15" Value="0.2388228" />
      <Hour Index="16" Value="0.6147586" />
      <Hour Index="17" Value="0.6085308" />
      <Hour Index="18" Value="0.7335038" />
      <Hour Index="19" Value="1.117656" />
      <Hour Index="20" Value="0.1891305" />
      <Hour Index="21" Value="0.1934293" />
      <Hour Index="22" Value="0.1889211" />
      <Hour Index="23" Value="0.1892232" />
      <Hour Index="24" Value="0" />
    </Last24Hours>
  </Statistics>
  <HeatSolver Name="HeatSolver" AtmosphericPressure="0" RelativeHumidity="0.850000023841858" MinAirTemperature="283.149993896484" MaxAirTemperature="291.149993896484" AirTemperature="289.571184158325" DewPointTemperature="286.997837847884" VaporPressure="1867.6384816023" SkyTemperature="288.676225285594">
    <HeatBlocks>
      <HeatBlock Key="0" Temperature="288.690704374828" HeatFlow="-0.230401671479188" />
      <HeatBlock Key="1" Temperature="288.691134792762" HeatFlow="1.94356497058258" />
      <HeatBlock Key="2" Temperature="289.003297300112" HeatFlow="-16.4724646446654" />
      <HeatBlock Key="3" Temperature="288.962671903002" HeatFlow="-14.6659432417245" />
      <HeatBlock Key="4" Temperature="288.712012567561" HeatFlow="0.352447900568422" />
      <HeatBlock Key="5" Temperature="288.575700434797" HeatFlow="21.7937272539876" />
      <HeatBlock Key="6" Temperature="288.302285163936" HeatFlow="224.833160382861" />
      <HeatBlock Key="7" Temperature="288.28970974486" HeatFlow="135.470152789224" />
      <HeatBlock Key="8" Temperature="288.924837830587" HeatFlow="-2.52074742114669" />
      <HeatBlock Key="9" Temperature="288.694593902014" HeatFlow="0.317121958384715" />
      <HeatBlock Key="10" Temperature="288.792864138605" HeatFlow="667.663901671007" />
      <HeatBlock Key="11" Temperature="288.684945278586" HeatFlow="0.328175474798201" />
      <HeatBlock Key="12" Temperature="288.663808502489" HeatFlow="1.55835627831687" />
      <HeatBlock Key="13" Temperature="288.67046375238" HeatFlow="1.58117346921901" />
      <HeatBlock Key="14" Temperature="291.435125777055" HeatFlow="0.08587986074948" />
      <HeatBlock Key="15" Temperature="291.601179547746" HeatFlow="0.0532547319211538" />
      <HeatBlock Key="16" Temperature="291.743725154234" HeatFlow="-14.6275337186323" />
      <HeatBlock Key="17" Temperature="292.182575475186" HeatFlow="-15.4935718529275" />
      <HeatBlock Key="18" Temperature="290.587840899133" HeatFlow="-0.0146235388402204" />
      <HeatBlock Key="19" Temperature="293.33150204084" HeatFlow="22.3157274805832" />
      <HeatBlock Key="20" Temperature="289.349379435048" HeatFlow="113.799629944591" />
      <HeatBlock Key="21" Temperature="292.081923666312" HeatFlow="-5.75672913238627" />
      <HeatBlock Key="22" Temperature="291.586025202708" HeatFlow="-1.85291968702559" />
      <HeatBlock Key="23" Temperature="290.777268452762" HeatFlow="2.19858215357751" />
      <HeatBlock Key="24" Temperature="288.580168654545" HeatFlow="2.33406928774053" />
      <HeatBlock Key="25" Temperature="288.933644102789" HeatFlow="-15.3957629134546" />
      <HeatBlock Key="26" Temperature="288.199032424696" HeatFlow="322.18608494535" />
      <HeatBlock Key="27" Temperature="288.61336361347" HeatFlow="18.9486862602326" />
      <HeatBlock Key="28" Temperature="288.276481150777" HeatFlow="478.504692208883" />
      <HeatBlock Key="29" Temperature="288.983674925165" HeatFlow="-4.46948308827053" />
      <HeatBlock Key="30" Temperature="288.602339279759" HeatFlow="7.18909672196778" />
      <HeatBlock Key="31" Temperature="288.590544125509" HeatFlow="3.60025428886957" />
      <HeatBlock Key="32" Temperature="288.575396974128" HeatFlow="4.94407692929091" />
      <HeatBlock Key="33" Temperature="288.561418759678" HeatFlow="-19.0877081460816" />
      <HeatBlock Key="34" Temperature="288.903284729281" HeatFlow="-14.2495701374117" />
      <HeatBlock Key="35" Temperature="288.183043900429" HeatFlow="295.107008486966" />
      <HeatBlock Key="36" Temperature="288.239588271196" HeatFlow="526.957209612486" />
      <HeatBlock Key="37" Temperature="288.503851278417" HeatFlow="57.3176004969555" />
      <HeatBlock Key="38" Temperature="288.889557023218" HeatFlow="-5.53265239912052" />
      <HeatBlock Key="39" Temperature="288.234946137333" HeatFlow="340.241868703786" />
      <HeatBlock Key="40" Temperature="288.54598689166" HeatFlow="15.7664376267706" />
      <HeatBlock Key="41" Temperature="288.655964396433" HeatFlow="10.3224647372204" />
      <HeatBlock Key="42" Temperature="288.59668799566" HeatFlow="2.30087672899945" />
      <HeatBlock Key="43" Temperature="288.571796507883" HeatFlow="-71.0659044034492" />
      <HeatBlock Key="44" Temperature="288.8878007801" HeatFlow="-23.3179879714108" />
      <HeatBlock Key="45" Temperature="288.453332664975" HeatFlow="624.764646592817" />
      <HeatBlock Key="46" Temperature="288.522823414984" HeatFlow="209.596931190232" />
      <HeatBlock Key="47" Temperature="288.696227410358" HeatFlow="1922.00924486893" />
      <HeatBlock Key="48" Temperature="288.516817012471" HeatFlow="139.261282435279" />
      <HeatBlock Key="49" Temperature="288.52024578385" HeatFlow="21.0210291442949" />
      <HeatBlock Key="50" Temperature="288.600849422425" HeatFlow="69.3788532130783" />
      <HeatBlock Key="51" Temperature="288.52134313343" HeatFlow="695.757077545831" />
      <HeatBlock Key="52" Temperature="288.492190249616" HeatFlow="696.131983664628" />
      <HeatBlock Key="53" Temperature="288.234399330716" HeatFlow="490.713295551251" />
      <HeatBlock Key="54" Temperature="288.353320031205" HeatFlow="150.000751392204" />
      <HeatBlock Key="55" Temperature="288.407604831865" HeatFlow="188.713805424077" />
      <HeatBlock Key="56" Temperature="288.687404471334" HeatFlow="8.85124640401916" />
      <HeatBlock Key="57" Temperature="287.800600784614" HeatFlow="231.66157308471" />
      <HeatBlock Key="58" Temperature="288.564543055491" HeatFlow="19.6657053147318" />
      <HeatBlock Key="59" Temperature="288.263926078352" HeatFlow="218.748736372489" />
      <HeatBlock Key="60" Temperature="289.036439965873" HeatFlow="-3.98925312969054" />
      <HeatBlock Key="61" Temperature="288.763036532367" HeatFlow="631.538531187615" />
      <HeatBlock Key="62" Temperature="288.360740123483" HeatFlow="24.8900671410311" />
      <HeatBlock Key="63" Temperature="288.540597072641" HeatFlow="35.9260787801243" />
      <HeatBlock Key="64" Temperature="288.782497163014" HeatFlow="589.906168069107" />
      <HeatBlock Key="65" Temperature="288.618766588018" HeatFlow="-11.0247918250682" />
      <HeatBlock Key="66" Temperature="288.226049617734" HeatFlow="319.343528228527" />
      <HeatBlock Key="67" Temperature="288.916453680327" HeatFlow="-14.2532423059421" />
      <HeatBlock Key="68" Temperature="288.954194943719" HeatFlow="-16.0930517867644" />
      <HeatBlock Key="69" Temperature="288.536077997021" HeatFlow="65.1384028022675" />
      <HeatBlock Key="70" Temperature="288.279408509342" HeatFlow="614.304324414574" />
      <HeatBlock Key="71" Temperature="289.056414488366" HeatFlow="-4.92171658155903" />
      <HeatBlock Key="72" Temperature="288.534051763819" HeatFlow="1037.39339358005" />
      <HeatBlock Key="73" Temperature="288.660830331712" HeatFlow="6.50679369879346" />
      <HeatBlock Key="74" Temperature="288.621273120605" HeatFlow="1.40956959588281" />
      <HeatBlock Key="75" Temperature="288.546744320873" HeatFlow="26.1357118418646" />
      <HeatBlock Key="76" Temperature="288.482596237922" HeatFlow="8.97352276180083" />
      <HeatBlock Key="77" Temperature="288.802601029164" HeatFlow="0.745980842899913" />
      <HeatBlock Key="78" Temperature="288.357334598517" HeatFlow="201.303337868231" />
      <HeatBlock Key="79" Temperature="288.3678759045" HeatFlow="142.362242527501" />
      <HeatBlock Key="80" Temperature="289.105011406286" HeatFlow="-19.1728292057788" />
      <HeatBlock Key="81" Temperature="288.659012617338" HeatFlow="24.1492044938225" />
      <HeatBlock Key="82" Temperature="289.340190434921" HeatFlow="-6.20721194544784" />
      <HeatBlock Key="83" Temperature="288.507508083842" HeatFlow="160.427911257899" />
      <HeatBlock Key="84" Temperature="288.717890151534" HeatFlow="1.20374167095736" />
      <HeatBlock Key="85" Temperature="288.603274287894" HeatFlow="4.4972887981067" />
      <HeatBlock Key="86" Temperature="288.681386128165" HeatFlow="8.53317342431102" />
      <HeatBlock Key="87" Temperature="289.07672593553" HeatFlow="-29.6448371513334" />
      <HeatBlock Key="88" Temperature="288.642158742522" HeatFlow="-19.9753134242796" />
      <HeatBlock Key="89" Temperature="288.701200365393" HeatFlow="1.61547712864334" />
      <HeatBlock Key="90" Temperature="288.893289691595" HeatFlow="-20.0266193417459" />
      <HeatBlock Key="91" Temperature="288.709598191581" HeatFlow="-15.3137954719773" />
      <HeatBlock Key="92" Temperature="288.318079870792" HeatFlow="147.756344121967" />
      <HeatBlock Key="93" Temperature="288.29333013895" HeatFlow="104.838826133047" />
      <HeatBlock Key="94" Temperature="288.379303672815" HeatFlow="75.4304655475928" />
      <HeatBlock Key="95" Temperature="288.652726646006" HeatFlow="21.1772407131139" />
      <HeatBlock Key="96" Temperature="288.273743732149" HeatFlow="141.587362342657" />
      <HeatBlock Key="97" Temperature="288.52762464233" HeatFlow="24.3129667773769" />
      <HeatBlock Key="98" Temperature="288.557642973255" HeatFlow="18.5085377821854" />
      <HeatBlock Key="99" Temperature="288.542047399285" HeatFlow="38.436371236592" />
      <HeatBlock Key="100" Temperature="288.23340881288" HeatFlow="245.155595602205" />
      <HeatBlock Key="101" Temperature="288.63734009958" HeatFlow="14.6787563630022" />
      <HeatBlock Key="102" Temperature="289.084676761175" HeatFlow="-3.90541983681202" />
      <HeatBlock Key="103" Temperature="289.220012159151" HeatFlow="-3.17032476820475" />
      <HeatBlock Key="104" Temperature="288.39887005282" HeatFlow="84.8169175823154" />
      <HeatBlock Key="105" Temperature="288.698145468484" HeatFlow="207.828664075849" />
      <HeatBlock Key="106" Temperature="288.419032153793" HeatFlow="139.949383638952" />
      <HeatBlock Key="107" Temperature="288.423777484159" HeatFlow="226.692864897978" />
      <HeatBlock Key="108" Temperature="290.046441922397" HeatFlow="-399.68750105821" />
      <HeatBlock Key="109" Temperature="289.381618979151" HeatFlow="124.372575775943" />
      <HeatBlock Key="110" Temperature="288.785896695241" HeatFlow="953.759597006605" />
      <HeatBlock Key="111" Temperature="290.287200092304" HeatFlow="-5.09265372054732" />
      <HeatBlock Key="112" Temperature="288.925696869806" HeatFlow="238.757229715087" />
      <HeatBlock Key="113" Temperature="288.759365268647" HeatFlow="440.041696523489" />
      <HeatBlock Key="114" Temperature="292.325447058436" HeatFlow="-117.838962566849" />
      <HeatBlock Key="115" Temperature="292.085101358001" HeatFlow="-72.4682690315477" />
      <HeatBlock Key="116" Temperature="295.628220960274" HeatFlow="1682.87810802963" />
      <HeatBlock Key="117" Temperature="290.612376295295" HeatFlow="1341.31869482667" />
      <HeatBlock Key="118" Temperature="289.379960734488" HeatFlow="69.9218566066379" />
      <HeatBlock Key="119" Temperature="289.607603450531" HeatFlow="97.4837173239518" />
      <HeatBlock Key="120" Temperature="290.5912782619" HeatFlow="318.743860237444" />
      <HeatBlock Key="121" Temperature="291.180640478945" HeatFlow="124.527861525783" />
      <HeatBlock Key="122" Temperature="290.731162901438" HeatFlow="9.51235439842532" />
      <HeatBlock Key="123" Temperature="290.033459201747" HeatFlow="16.5630246285577" />
      <HeatBlock Key="124" Temperature="288.227194123614" HeatFlow="1473.38038778217" />
      <HeatBlock Key="125" Temperature="338.410574986566" HeatFlow="-729.045092608373" />
      <HeatBlock Key="126" Temperature="290.110215663774" HeatFlow="83.2263686249597" />
      <HeatBlock Key="127" Temperature="291.619922879165" HeatFlow="356.267422931308" />
      <HeatBlock Key="128" Temperature="288.291782087007" HeatFlow="916.769796372157" />
      <HeatBlock Key="129" Temperature="292.216833628832" HeatFlow="403.742815590353" />
      <HeatBlock Key="130" Temperature="290.293591556052" HeatFlow="473.148771036327" />
      <HeatBlock Key="131" Temperature="290.872391924501" HeatFlow="320.722639138286" />
      <HeatBlock Key="132" Temperature="289.443038402283" HeatFlow="-67.8818302852338" />
      <HeatBlock Key="133" Temperature="289.44814667246" HeatFlow="-181.492155097255" />
      <HeatBlock Key="134" Temperature="289.159502041822" HeatFlow="28.8275407507507" />
      <HeatBlock Key="135" Temperature="288.769305734156" HeatFlow="38.7433508967216" />
      <HeatBlock Key="136" Temperature="289.578282101434" HeatFlow="-32.3349095273269" />
      <HeatBlock Key="137" Temperature="288.910218011507" HeatFlow="192.298007985309" />
      <HeatBlock Key="138" Temperature="289.542616036438" HeatFlow="-2.56237274831504" />
      <HeatBlock Key="139" Temperature="288.742770482457" HeatFlow="920.7479412609" />
      <HeatBlock Key="140" Temperature="288.579139713395" HeatFlow="140.957656541544" />
      <HeatBlock Key="141" Temperature="288.501703294846" HeatFlow="446.741056639816" />
      <HeatBlock Key="142" Temperature="289.191610334106" HeatFlow="-262.764738279798" />
      <HeatBlock Key="143" Temperature="288.997396522416" HeatFlow="-211.789317211587" />
      <HeatBlock Key="144" Temperature="288.340507726008" HeatFlow="1017.5317098738" />
      <HeatBlock Key="145" Temperature="288.421870515463" HeatFlow="1165.70138254199" />
      <HeatBlock Key="146" Temperature="288.435464486935" HeatFlow="111.476243519741" />
      <HeatBlock Key="147" Temperature="289.432173862353" HeatFlow="-7.4107624671075" />
      <HeatBlock Key="148" Temperature="288.358423580826" HeatFlow="176.230239741717" />
      <HeatBlock Key="149" Temperature="288.3453935338" HeatFlow="135.185879559297" />
      <HeatBlock Key="150" Temperature="288.475477784428" HeatFlow="486.268183392958" />
      <HeatBlock Key="151" Temperature="288.668660414126" HeatFlow="1121.69364959288" />
      <HeatBlock Key="152" Temperature="288.8704299335" HeatFlow="2668.67114150265" />
      <HeatBlock Key="153" Temperature="288.490632170271" HeatFlow="286.277344765851" />
      <HeatBlock Key="154" Temperature="288.812232093274" HeatFlow="2105.31041590787" />
      <HeatBlock Key="155" Temperature="291.447288296049" HeatFlow="0.198778107643967" />
      <HeatBlock Key="156" Temperature="291.080853129067" HeatFlow="-13.732159806042" />
      <HeatBlock Key="157" Temperature="290.528723089843" HeatFlow="-0.109435991823297" />
      <HeatBlock Key="158" Temperature="293.231204601366" HeatFlow="18.6052897489871" />
      <HeatBlock Key="159" Temperature="290.699395724027" HeatFlow="1.68958114497315" />
      <HeatBlock Key="160" Temperature="292.046221266058" HeatFlow="-18.4643481405154" />
      <HeatBlock Key="161" Temperature="289.312679279182" HeatFlow="101.902779337227" />
      <HeatBlock Key="162" Temperature="291.607846478231" HeatFlow="-1.71247759952119" />
      <HeatBlock Key="163" Temperature="291.856715402311" HeatFlow="723.719612647052" />
      <HeatBlock Key="164" Temperature="288.810214030353" HeatFlow="212895.140050609" />
      <HeatBlock Key="165" Temperature="290.563365268497" HeatFlow="-20558.1755139544" />
      <HeatBlock Key="166" Temperature="293.149993896484" HeatFlow="0" />
      <HeatBlockAir Key="0" Temperature="288.690704374828" AirPressure="101516.938103171" HeatFlow="-0.230401671479188" />
      <HeatBlockAir Key="1" Temperature="288.691134792762" AirPressure="101517.089464293" HeatFlow="1.94356497058258" />
      <HeatBlockAir Key="14" Temperature="291.435125777055" AirPressure="102482.002981436" HeatFlow="0.08587986074948" />
      <HeatBlockAir Key="15" Temperature="291.601179547746" AirPressure="102540.395129527" HeatFlow="0.0532547319211538" />
      <HeatBlockAir Key="24" Temperature="288.580168654545" AirPressure="101478.06866308" HeatFlow="2.33406928774053" />
      <HeatBlockAir Key="33" Temperature="288.561418759678" AirPressure="101471.475317029" HeatFlow="-19.0877081460816" />
      <HeatBlockAir Key="43" Temperature="288.571796507883" AirPressure="101475.124606823" HeatFlow="-71.0659044034492" />
      <HeatBlockAir Key="44" Temperature="288.8878007801" AirPressure="101586.245996746" HeatFlow="-23.3179879714108" />
      <HeatBlockAir Key="56" Temperature="288.687404471334" AirPressure="101515.777737686" HeatFlow="8.85124640401916" />
      <HeatBlockAir Key="65" Temperature="288.618766588018" AirPressure="101491.641455754" HeatFlow="-11.0247918250682" />
      <HeatBlockAir Key="77" Temperature="288.802601029164" AirPressure="101556.286123044" HeatFlow="0.745980842899913" />
      <HeatBlockAir Key="86" Temperature="288.681386128165" AirPressure="101513.661428012" HeatFlow="8.53317342431102" />
      <HeatBlockAir Key="87" Temperature="289.07672593553" AirPressure="101652.680771141" HeatFlow="-29.6448371513334" />
      <HeatBlockAir Key="88" Temperature="288.642158742522" AirPressure="101499.867148112" HeatFlow="-19.9753134242796" />
      <HeatBlockAir Key="89" Temperature="288.701200365393" AirPressure="101520.629069939" HeatFlow="1.61547712864334" />
      <HeatBlockAir Key="90" Temperature="288.893289691595" AirPressure="101588.176417669" HeatFlow="-20.0266193417459" />
      <HeatBlockAir Key="91" Temperature="288.709598191581" AirPressure="101523.581930491" HeatFlow="-15.3137954719773" />
      <HeatBlockAir Key="108" Temperature="290.046441922397" AirPressure="101993.677722887" HeatFlow="-399.68750105821" />
      <HeatBlockAir Key="114" Temperature="292.325447058436" AirPressure="102795.079678448" HeatFlow="-117.838962566849" />
      <HeatBlockAir Key="115" Temperature="292.085101358001" AirPressure="102710.56250157" HeatFlow="-72.4682690315477" />
      <HeatBlockAir Key="116" Temperature="295.628220960274" AirPressure="103956.488732264" HeatFlow="1682.87810802963" />
      <HeatBlockAir Key="132" Temperature="289.443038402283" AirPressure="101781.493328762" HeatFlow="-67.8818302852338" />
      <HeatBlockAir Key="133" Temperature="289.44814667246" AirPressure="101783.289626696" HeatFlow="-181.492155097255" />
      <HeatBlockAir Key="142" Temperature="289.191610334106" AirPressure="101693.079621301" HeatFlow="-262.764738279798" />
      <HeatBlockAir Key="143" Temperature="288.997396522416" AirPressure="101624.785107995" HeatFlow="-211.789317211587" />
      <HeatBlockAir Key="155" Temperature="291.447288296049" AirPressure="102486.279882872" HeatFlow="0.198778107643967" />
    </HeatBlocks>
  </HeatSolver>
  <PasswordManager Password="" DeviceModeLocked="False" DateLocked="False" LocationLocked="False" TimeSliderLocked="False" WeatherLocked="False" />
</HomeIO>